{
  "shapes": [
    {"shape_id":1, "bounding_box":2, "capacity":5 ,"orientations":[
      {"rotation":0,"cells":[[0,0],[1,0],[1,1]]},
      {"rotation":1,"cells":[[1,0],[1,1],[0,1]]},
      {"rotation":2,"cells":[[0,0],[1,1],[0,1]]},
      {"rotation":3,"cells":[[0,0],[1,0],[0,1]]}]},

    {"shape_id":2, "bounding_box":3, "capacity":6 ,"orientations":[
      {"rotation":0,"cells":[[0,0],[0,1],[0,2],[1,0]]},
      {"rotation":1,"cells":[[0,0],[1,0],[2,0],[2,1]]},
      {"rotation":2,"cells":[[2,0],[2,1],[2,2],[1,2]]},
      {"rotation":3,"cells":[[0,2],[1,2],[0,1],[2,2]]}]},

    {"shape_id":3, "bounding_box":3, "capacity":6 ,"orientations":[
      {"rotation":0,"cells":[[0,2],[0,1],[1,1],[1,0]]},
      {"rotation":1,"cells":[[0,0],[1,0],[1,1],[2,1]]},
      {"rotation":2,"cells":[[0,2],[0,1],[1,1],[1,0]]},
      {"rotation":3,"cells":[[0,0],[1,0],[1,1],[2,1]]}]},

    {"shape_id":4,  "bounding_box":4, "capacity":9 ,"orientations":[
      {"rotation":0,"cells":[[0,1],[0,0],[1,0],[2,0],[3,0],[2,1]]},
      {"rotation":1,"cells":[[3,0],[3,1],[3,2],[3,3],[2,0],[2,2]]},
      {"rotation":2,"cells":[[0,0],[0,1],[0,2],[0,3],[1,0],[1,2]]},
      {"rotation":3,"cells":[[1,2],[3,2],[0,3],[1,3],[2,3],[3,3]]}]},

    {"shape_id":5,  "bounding_box":4, "capacity":9 ,"orientations":[
      {"rotation":0,"cells":[[0,0],[0,1],[0,2],[1,0],[2,0],[3,0]]},
      {"rotation":1,"cells":[[1,0],[2,0],[3,0],[3,1],[3,2],[3,3]]},
      {"rotation":2,"cells":[[3,1],[3,2],[3,3],[2,3],[1,3],[0,3]]},
      {"rotation":3,"cells":[[0,0],[0,1],[0,2],[0,3],[1,3],[2,3]]}]},

    {"shape_id":6, "bounding_box":2, "capacity":3 ,"orientations":[
      {"rotation":0,"cells":[[0,0],[1,0]]},
      {"rotation":1,"cells":[[1,0],[1,1]]},
      {"rotation":2,"cells":[[1,1],[0,1]]},
      {"rotation":3,"cells":[[0,1],[0,0]]}]},

    {"shape_id":7, "bounding_box":4, "capacity":6 ,"orientations":[
      {"rotation":0,"cells":[[0,0],[1,0],[2,0],[3,0]]},
      {"rotation":1,"cells":[[3,0],[3,1],[3,2],[3,3]]},
      {"rotation":2,"cells":[[2,3],[1,3],[3,3],[0,3]]},
      {"rotation":3,"cells":[[0,3],[0,2],[0,1],[0,0]]}]},

    {"shape_id":8, "bounding_box":4, "capacity":7 ,"orientations":[
      {"rotation":0,"cells":[[3,0],[3,1],[3,2],[2,2],[2,3]]},
      {"rotation":1,"cells":[[3,2],[2,2],[1,2],[1,3],[0,3]]},
      {"rotation":2,"cells":[[0,1],[0,2],[0,3],[1,0],[1,1]]},
      {"rotation":3,"cells":[[0,0],[1,0],[2,0],[2,1],[3,1]]}]},

    {"shape_id":9, "bounding_box":3, "capacity":7 ,"orientations":[
      {"rotation":0,"cells":[[0,1],[1,2],[1,1],[2,1],[1,0]]},
      {"rotation":1,"cells":[[2,1],[0,1],[1,2],[1,1],[1,0]]},
      {"rotation":2,"cells":[[1,0],[1,1],[1,2],[0,1],[2,1]]},
      {"rotation":3,"cells":[[1,2],[2,1],[1,1],[1,0],[0,1]]}]},

    {"shape_id":10, "bounding_box":3, "capacity":7 ,"orientations":[
      {"rotation":0,"cells":[[0,0],[1,0],[1,1],[0,2],[1,2]]},
      {"rotation":1,"cells":[[0,1],[0,0],[1,0],[2,0],[2,1]]},
      {"rotation":2,"cells":[[0,0],[1,0],[0,1],[0,2],[1,2]]},
      {"rotation":3,"cells":[[0,1],[0,2],[1,2],[2,2],[2,1]]}]},

    {"shape_id":11, "bounding_box":3, "capacity":4 ,"orientations":[
      {"rotation":0,"cells":[[0,0],[1,0],[2,0]]},
      {"rotation":1,"cells":[[2,0],[2,1],[2,2]]},
      {"rotation":2,"cells":[[2,2],[0,2],[1,2]]},
      {"rotation":3,"cells":[[0,1],[0,2],[0,0]]}]},

    {"shape_id":12, "bounding_box":3, "capacity":9 ,"orientations":[
      {"rotation":0,"cells":[[2,0],[2,1],[1,1],[1,2],[0,2]]},
      {"rotation":1,"cells":[[2,0],[1,0],[1,1],[0,1],[0,2]]},
      {"rotation":2,"cells":[[0,0],[0,1],[1,1],[1,2],[2,2]]},
      {"rotation":3,"cells":[[2,1],[2,2],[1,0],[1,1],[0,0]]}]},

    {"shape_id":13, "bounding_box":3, "capacity":8 ,"orientations":[
      {"rotation":0,"cells":[[0,0],[1,0],[1,1],[2,1],[1,2]]},
      {"rotation":1,"cells":[[2,0],[2,1],[1,1],[1,2],[0,1]]},
      {"rotation":2,"cells":[[1,0],[1,1],[1,2],[0,1],[2,2]]},
      {"rotation":3,"cells":[[0,1],[0,2],[1,0],[1,1],[2,1]]}]},

    {"shape_id":14, "bounding_box":3, "capacity":7 ,"orientations":[
      {"rotation":0,"cells":[[0,0],[0,1],[0,2],[1,1],[1,2]]},
      {"rotation":1,"cells":[[0,0],[0,1],[1,0],[1,1],[2,0]]},
      {"rotation":2,"cells":[[2,0],[2,1],[2,2],[1,1],[1,2]]},
      {"rotation":3,"cells":[[2,1],[2,2],[1,1],[1,2],[0,2]]}]},

    {"shape_id":15, "bounding_box":3, "capacity":10 ,"orientations":[
      {"rotation":0,"cells":[[0,0],[0,1],[1,0],[1,2],[2,0],[2,1]]},
      {"rotation":1,"cells":[[2,0],[2,1],[2,2],[1,0],[1,2],[0,1]]},
      {"rotation":2,"cells":[[2,1],[2,2],[0,1],[0,2],[1,0],[1,2]]},
      {"rotation":3,"cells":[[0,0],[0,1],[0,2],[1,0],[1,2],[2,1]]}]},

    {"shape_id":16, "bounding_box":3, "capacity":10 ,"orientations":[
      {"rotation":0,"cells":[[0,1],[1,0],[1,1],[1,2],[2,0],[2,1]]},
      {"rotation":1,"cells":[[0,1],[1,0],[1,1],[1,2],[2,1],[2,2]]},
      {"rotation":2,"cells":[[0,1],[0,2],[1,0],[1,1],[1,2],[2,1]]},
      {"rotation":3,"cells":[[0,0],[0,1],[1,0],[1,1],[1,2],[2,1]]}]},

    {"shape_id":17, "bounding_box":2, "capacity":5 ,"orientations":[
      {"rotation":0,"cells":[[0,0],[0,1],[1,0],[1,1]]},
      {"rotation":1,"cells":[[1,0],[0,0],[1,1],[0,1]]},
      {"rotation":2,"cells":[[1,1],[0,1],[1,0],[0,0]]},
      {"rotation":3,"cells":[[1,0],[0,1],[0,0],[1,1]]}]},

    {"shape_id":18, "bounding_box":3, "capacity":7 ,"orientations":[
      {"rotation":0,"cells":[[0,0],[0,1],[0,2],[1,1],[2,1]]},
      {"rotation":1,"cells":[[0,0],[1,0],[1,1],[1,2],[2,0]]},
      {"rotation":2,"cells":[[2,0],[2,1],[2,2],[1,1],[0,1]]},
      {"rotation":3,"cells":[[2,2],[1,0],[1,1],[1,2],[0,2]]}]},

    {"shape_id":19, "bounding_box":3, "capacity":9 ,"orientations":[
      {"rotation":0,"cells":[[0,2],[1,1],[1,2],[2,0],[2,1],[2,2]]},
      {"rotation":1,"cells":[[0,0],[0,1],[0,2],[1,1],[1,2],[2,2]]},
      {"rotation":2,"cells":[[0,0],[0,1],[0,2],[1,0],[1,1],[2,0]]},
      {"rotation":3,"cells":[[2,0],[2,1],[2,2],[1,0],[1,1],[0,0]]}]},

    {"shape_id":20, "bounding_box":4, "capacity":12 ,"orientations":[
      {"rotation":0,"cells":[[0,1],[1,0],[2,0],[2,1],[2,2],[3,0],[3,2]]},
      {"rotation":1,"cells":[[2,0],[3,1],[3,2],[3,3],[1,2],[1,3],[2,2]]},
      {"rotation":2,"cells":[[3,2],[2,3],[1,1],[1,2],[1,3],[0,3],[0,1]]},
      {"rotation":3,"cells":[[1,3],[0,0],[0,1],[0,2],[2,0],[2,1],[1,1]]}]},

    {"shape_id":21, "bounding_box":3, "capacity":8 ,"orientations":[
      {"rotation":0,"cells":[[0,1],[1,2],[2,1],[1,0]]},
      {"rotation":1,"cells":[[2,1],[0,1],[1,2],[1,0]]},
      {"rotation":2,"cells":[[1,0],[1,2],[0,1],[2,1]]},
      {"rotation":3,"cells":[[1,2],[2,1],[1,0],[0,1]]}]},

    {"shape_id":22, "bounding_box":4, "capacity":8 ,"orientations":[
      {"rotation":0,"cells":[[1,0],[1,1],[0,1],[0,2],[0,3],[1,3]]},
      {"rotation":1,"cells":[[0,0],[0,1],[1,0],[2,0],[2,1],[3,1]]},
      {"rotation":2,"cells":[[2,0],[3,0],[3,1],[3,2],[2,2],[2,3]]},
      {"rotation":3,"cells":[[0,2],[0,3],[1,2],[2,2],[2,3],[3,3]]}]},

    {"shape_id":23, "bounding_box":4, "capacity":8 ,"orientations":[
      {"rotation":0,"cells":[[0,0],[1,0],[1,1],[1,2],[1,3],[0,3]]},
      {"rotation":1,"cells":[[0,0],[0,1],[1,0],[2,0],[3,0],[3,1]]},
      {"rotation":2,"cells":[[0,2],[0,3],[1,3],[2,3],[3,2],[3,3]]},
      {"rotation":3,"cells":[[2,0],[2,1],[2,2],[2,3],[3,0],[3,3]]}]},

    {"shape_id":24, "bounding_box":1, "capacity":2 ,"orientations":[
      {"rotation":0,"cells":[[0,0]]},
      {"rotation":1,"cells":[[0,0]]},
      {"rotation":2,"cells":[[0,0]]},
      {"rotation":3,"cells":[[0,0]]}]},

    {"shape_id":25, "bounding_box":5, "capacity":12 ,"orientations":[
      {"rotation":0,"cells":[[0,0],[1,0],[2,1],[1,2],[2,3],[1,4],[0,4]]},
      {"rotation":1,"cells":[[4,0],[3,0],[2,1],[3,2],[2,3],[3,4],[4,4]]},
      {"rotation":2,"cells":[[0,1],[0,2],[1,0],[2,1],[3,0],[4,1],[4,2]]},
      {"rotation":3,"cells":[[0,2],[0,3],[1,4],[2,3],[3,4],[4,2],[4,3]]}]}
  ]}